race,n
1,20.238095238095237
2,16.67019251110641
3,18.52409638554217
4,13.471241170534814
5,22.22222222222222
6,19.731800766283524
